"Referencias","Valor","Footprint","Qtd"
"C1,C2","100nF","Capacitor_THT:C_Disc_D5.0mm_W2.5mm_P5.00mm","2"
"C3","10uF","Capacitor_THT:CP_Radial_D5.0mm_P2.00mm","1"
"J1","CN1 VET 3000 (soquete de borda 2x18)","vet3000:CardEdge_Socket_2x18_P2.54mm_Row5.08mm","1"
"J2","EXP","Connector_PinHeader_2.54mm:PinHeader_1x08_P2.54mm_Vertical","1"
"JP1","VPP/A15 (pino 1)","Connector_PinHeader_2.54mm:PinHeader_1x03_P2.54mm_Vertical","1"
"JP2","PGM/A14/WE (pino 27)","Connector_PinHeader_2.54mm:PinHeader_1x03_P2.54mm_Vertical","1"
"JP3","ATIVO","Connector_PinHeader_2.54mm:PinHeader_1x02_P2.54mm_Vertical","1"
"R1","10k","Resistor_THT:R_Axial_DIN0207_L6.3mm_D2.5mm_P7.62mm_Horizontal","1"
"U1","27C128","Package_DIP:DIP-28_W15.24mm_Socket","1"
"U2","74HCT00","Package_DIP:DIP-14_W7.62mm_Socket","1"
